-13.1196278195068,614.3362751182123,-1.559378276799069,1454878760656412
-13.110904765812572,614.2737065669567,-1.5587167853553057,1454878760756472
-13.092895456626362,614.2379927989207,-1.5587980573655915,1454878760857244
-13.114647423110112,614.298960893721,-1.558538822955535,1454878760956832
-13.071965772638029,614.2653531667938,-1.558773962345218,1454878761060363
-12.999584031391032,614.3777048599745,-1.558836063524536,1454878761156649
-12.993496872575507,614.3976692437085,-1.5587246888723103,1454878761264037
-13.039501901212345,614.4468506599725,-1.559438436114315,1454878761356567
-12.99934549668494,614.3830459290447,-1.558951688438612,1454878761456165
-13.089061173957928,614.2607848982225,-1.559024177627486,1454878761556440
-12.927901421134907,613.9388402186343,-1.559970800143962,1454878761664311
-12.770100001815697,611.7760144457187,-1.571430594724185,1454878761764072
-12.599761586902401,607.7197713085519,-1.5836527090781007,1454878761864737
-13.128310664338862,602.1134274203945,-1.584488961798896,1454878761964655
-12.919711301390743,597.223359944462,-1.59762017895627,1454878762063823
-13.101257874084899,591.2172195466457,-1.608129371585334,1454878762165552
-13.076870639667526,585.9422441326494,-1.6212625204224123,1454878762264043
-13.406344499221,579.5593371192904,-1.6294098747027803,1454878762364414
-13.574164198120453,573.7620853212179,-1.6443750023761978,1454878762463888
-13.846462776800484,567.3417983309711,-1.6537369196818046,1454878762564418
-14.482740235894724,561.1101969974825,-1.6685982521073688,1454878762664193
-14.524981022964829,554.7034743135692,-1.6823147132090799,1454878762764470
-15.748820309408488,548.4126533704849,-1.6835484677460166,1454878762864419
-16.360546093674934,542.5565689841353,-1.6917143079822425,1454878762963968
-17.026860955102936,535.6341678864711,-1.7045410969873684,1454878763063584
-17.749459130115962,530.2628488918546,-1.7145749338675682,1454878763163752
-18.706150547169507,523.5895956328694,-1.7253185027882931,1454878763262921
-19.39917659522237,517.5022346830217,-1.7365429364559457,1454878763363946
-20.643999431017402,511.2450440976847,-1.7441079943598854,1454878763464188
-21.921415718579794,504.7886750335313,-1.751860274419689,1454878763563729
-22.67235435619378,498.59701126398704,-1.7621527559504304,1454878763663303
-23.989974734775245,492.66948428034925,-1.7716711391139686,1454878763763619
-25.216468613646956,486.4507944821552,-1.781997102863331,1454878763864006
-26.539581999551164,479.8132897106388,-1.7924731688136653,1454878763963590
-27.610178266041487,473.35410334014597,-1.8028985653841323,1454878764071267
-28.737003260407217,467.5844574871101,-1.8121766985462953,1454878764171674
-30.247383345534054,460.9646797216206,-1.825748222733595,1454878764270966
-31.792553730253545,455.1153665836288,-1.8311756918779087,1454878764371438
-33.66567149903448,449.19588543808015,-1.837809855827233,1454878764471578
-35.2927319146178,443.2319369067646,-1.8489809910960344,1454878764571382
-36.49672605871178,437.09047748645713,-1.8630543022501733,1454878764671189
-38.27504393537185,430.9570927186198,-1.872319882733579,1454878764771622
-40.50642741543735,424.803742085228,-1.8786537237016692,1454878764871610
-42.01227635126226,418.65533269168697,-1.8903256389040741,1454878764971004
-43.87487255099286,412.98316649792787,-1.8988427213659258,1454878765070579
-45.65767226896463,406.9839443559173,-1.9142313573809993,1454878765171034
-47.94365260470079,400.644257459882,-1.922391267436092,1454878765270992
-49.69062690390451,395.45943697250806,-1.9325108449799988,1454878765371954
-51.70407703515436,389.07201590312724,-1.9411611222052305,1454878765470739
-54.00203055261517,383.3725977908846,-1.9546000423297614,1454878765570947
-56.45235461715,377.5597678615185,-1.961570854323688,1454878765671015
-58.437497270316385,371.8765219167404,-1.9704577871103393,1454878765771603
-60.79950633012599,365.64176655089733,-1.9852453603716969,1454878765870169
-63.89131257719455,359.5845706225035,-1.9853016636679774,1454878765970827
-65.8393759897132,354.3846410586619,-1.9943868816525658,1454878766070322
-68.50521381110316,348.15101476087557,-2.0069315102123015,1454878766170417
-71.19951065485704,342.41082730889514,-2.0196696966538004,1454878766269847
-74.11294664951443,336.16108323478136,-2.028696894793885,1454878766370368
-76.25097341549541,330.6454457450091,-2.038501795053393,1454878766470520
-79.62854968096748,324.75891501871627,-2.048273658675249,1454878766570415
-82.13020807231187,319.1786020666693,-2.0560637741471104,1454878766670055
-84.708610268869,313.6475385695543,-2.071215742782952,1454878766770375
-87.7960617131158,308.25832219935864,-2.0761035808066732,1454878766870271
-90.85768367472761,302.424678940985,-2.0889244034187464,1454878766970182
-93.65207896458764,296.9809432502324,4.185124599693676,1454878767070221
-96.66620586748172,292.00090081493926,4.175428726275968,1454878767170270
-100.01242381026388,286.51095199306644,4.1635109043627425,1454878767269833
-102.85260035247246,280.76623781794825,4.151967992902211,1454878767369719
-106.24701348298991,275.6588952274637,4.142373733142991,1454878767469459
-109.57079517682965,270.09234944259026,4.134645875205917,1454878767569909
-113.21502660998908,264.67584816255146,4.123610788413346,1454878767671142
-115.87016043365612,259.89164531357045,4.116366621754306,1454878767769997
-119.59066258090357,254.6942961159382,4.11025821698164,1454878767869524
-122.97820913439766,248.88849060417044,4.09544389301687,1454878767969675
-126.58881186303178,243.50467672837104,4.084667161913909,1454878768077581
-129.88830413718506,238.872885949793,4.069748374025587,1454878768169514
-133.21599644383284,233.88957034617007,4.0623477003694415,1454878768275832
-137.44636435904584,228.5264936851165,4.056293285035312,1454878768378345
-140.76112588121742,224.10470353328895,4.04766073237323,1454878768470574
-144.9366579815847,218.29503829294285,4.035800578275192,1454878768577876
-148.69604374764126,214.1741629722213,4.02646132191416,1454878768677883
-152.3824386747393,209.29812458592363,4.015291143732336,1454878768777856
-156.87060863061697,204.51390283027087,4.005118042432569,1454878768877890
-160.0520500553167,199.93283617436865,3.99481015459405,1454878768977261
-164.49550572248796,194.93980913348352,3.9863982753195497,1454878769077446
-168.49795918915441,189.89138307891142,3.9719000217296694,1454878769177098
-172.91899147095825,185.04442951270863,3.964441164982182,1454878769276798
-176.861538054505,180.63752644599504,3.953937282317239,1454878769377503
-181.48603370200766,175.56681740986156,3.9446508373712192,1454878769477669
-185.98615848491795,170.4775810944579,3.9333575901339217,1454878769577248
-190.21595767495685,166.31722211914715,3.923128194050411,1454878769676855
-194.9426571722947,161.55521576469533,3.917968203319465,1454878769777603
-198.9116381811554,157.19022394026518,3.9069220093400943,1454878769877063
-203.41273459953334,152.81867458410974,3.8956066892447785,1454878769976994
-208.28036869827383,147.92682388792912,3.8819723485940756,1454878770077501
-213.0312356374991,143.94022158059013,3.8764324063221594,1454878770176730
-217.45478364464282,140.05372653737683,3.8663872578704486,1454878770276693
-221.41102441651762,135.7514827201719,3.8507571189944665,1454878770368901
-227.02957013013517,130.62177429787158,3.8411963974168617,1454878770476483
-231.65159664643468,126.92652181937572,3.8353290789037313,1454878770576520
-235.87482172899692,122.88995353103294,3.82413605428177,1454878770677223
-241.61684501112973,118.29072602390242,3.8167014152181804,1454878770776777
-246.341058487327,114.8361637004634,3.8096499138414646,1454878770876513
-251.1701902697932,110.67674699961329,3.7990882494291123,1454878770976353
-256.9745842042419,106.06475101337534,3.783699675011309,1454878771084363
-260.9128756307165,102.62237104568622,3.7735764650138615,1454878771176286
-266.7043442497771,99.11097559846701,3.7671579023599353,1454878771284576
-271.53463858291025,94.63520097173512,3.7520747800106844,1454878771384149
-277.1782342609023,90.75803788718638,3.7419992815620042,1454878771483970
-281.51601335135393,87.70775949983337,3.731791095952436,1454878771584626
-286.82860272030626,83.85545148861475,3.7226625765147414,1454878771684695
-292.32069141647713,79.87441723388444,3.711577546188997,1454878771784074
-297.40055283310284,76.68947228874062,3.702507287038668,1454878771884146
-303.20395598163975,73.2898807197588,3.6980747667400338,1454878771984008
-308.1503562553247,69.83431476486491,3.685790202103363,1454878772084447
-314.1321518794102,66.38795928917257,3.6749705774642623,1454878772183966
-319.6232500472364,62.650037132398154,3.663131430896577,1454878772283704
-325.20451668825933,59.54071562219488,3.6577896906772605,1454878772383918
-330.17297810306025,56.89381481790061,3.651096615264681,1454878772484391
-335.65510835987527,53.302266399486825,3.639715405997933,1454878772584194
-341.4222243563694,49.996366396070826,3.62473165996333,1454878772683425
-346.66636771065055,47.600379573898906,3.6163801050958058,1454878772784283
-352.53123916187906,44.35191998094089,3.609458231130007,1454878772883780
-358.22559224034217,41.31398431835611,3.5976931456527024,1454878772983670
-363.6232159812819,38.71030724995543,3.587395708884154,1454878773083286
-369.025660323939,35.82808461852542,3.577882656621745,1454878773183545
-374.2114580723806,33.54767258423114,3.567075716588235,1454878773283398
-379.78300440616005,30.43787881260184,3.552811786850198,1454878773383466
-386.23896369694324,27.537291070217133,3.54472366878568,1454878773483214
-391.362510268469,25.216321511295664,3.5353327316880976,1454878773583336
-397.0998007749773,22.867496673785276,3.5270061427085446,1454878773684519
-402.75392152394505,20.23349296805792,3.5162752305140006,1454878773783284
-408.9683273897524,17.486955005520777,3.5040696575842927,1454878773883173
-414.5061060890885,15.324035605852497,3.4951569308313757,1454878773983479
-420.4532332609117,13.297162000013323,3.4854760173968606,1454878774083119
-426.5582694055894,11.101920562883063,3.479006895208881,1454878774183371
-432.29103288327445,8.778929990519742,3.466450163301337,1454878774282613
-438.771454687569,6.852821934968793,3.456312249819828,1454878774383311
-444.47766798355843,4.6584023281193785,3.4422439207802933,1454878774483424
-450.62040040738725,2.669894802073852,3.4310621717293808,1454878774582905
-456.0179011617597,0.9142332603592933,3.4236055504184164,1454878774682625
-462.60534492189703,-1.1372510121295634,3.414804173927944,1454878774783621
-468.85242550207715,-3.238399312610812,3.4027360498837953,1454878774891184
-475.0100765911497,-4.591486742887767,3.391523369512219,1454878774991026
-481.46777009649156,-6.411847235713919,3.38102357292457,1454878775090600
-487.0875903487297,-8.064889848733147,3.365313004028106,1454878775191085
-493.5749331765401,-9.249311949954311,3.3616501381475024,1454878775290863
-499.61875448963946,-10.67914961484347,3.3479526197083094,1454878775391257
-506.12925382871686,-12.474266030193208,3.339636819621196,1454878775491423
-512.5660655970537,-13.33203004737183,3.3339224529236966,1454878775590927
-518.356297942942,-14.534913745758455,3.3215711914623647,1454878775690718
-524.3647719184162,-15.962929185895122,3.3134705024981543,1454878775790936
-530.5035222738115,-16.672278254841473,3.3110280787458963,1454878775891670
-536.4447626871091,-17.78242062182485,3.30492695803764,1454878775990780
-542.7526815652284,-18.68552492482013,3.2891177062310057,1454878776090551
-548.9031987260196,-19.88315522072573,3.277981641464202,1454878776190532
-555.2123046500338,-20.994765029624066,3.2666626996275645,1454878776290554
-561.1002625179212,-21.83659706674766,3.2597039422949052,1454878776390607
-567.2907934963223,-22.222080227929506,3.2476822899165536,1454878776491195
-574.0142773712072,-22.64691931601418,3.23380365525397,1454878776590525
-579.8415247248143,-23.658993638456767,3.2220297821410293,1454878776691180
-586.5692067847879,-24.454667326611936,3.2153942001099742,1454878776790652
-592.9623670195864,-24.877056458171534,3.2028801919793386,1454878776890128
-599.4464917309901,-25.66084424614329,3.1928911005886613,1454878776990964
-605.0293151582767,-25.51086690245357,3.1878751926994218,1454878777090234
-611.1099594544394,-26.064356125717307,3.177132517047214,1454878777190230
-617.4818530482272,-26.286930416353325,3.1705409362078822,1454878777290930
-623.6110566729687,-27.02731962649854,3.152994633523709,1454878777390906
-630.5738551412296,-26.906061343089526,3.1450991776212245,1454878777489921
-636.2251352644186,-27.64948156543798,3.1322353901024074,1454878777590015
-642.3968448881246,-27.20848767868155,3.1221057188969,1454878777690623
-648.983473573803,-27.161444042457482,3.11276822565719,1454878777789584
-654.7876336261554,-27.409601440838284,3.103649206059612,1454878777890175
-661.5134673253935,-27.21708126226124,3.0970379585492784,1454878777989821
-666.8043683636462,-26.726267469094697,3.0883454264712276,1454878778089436
-673.8310782568602,-26.50993991605912,3.0768693770364868,1454878778189800
-679.6403608149866,-26.340262901245598,3.066389306104486,1454878778291791
-686.3725371902916,-25.814367862279436,3.0583575800319323,1454878778389966
-692.8029885807939,-25.6669770211361,3.0471947780375865,1454878778489511
-698.6880905468367,-25.18490877595352,3.036369887969144,1454878778589474
-705.3179542204268,-24.51352488609347,3.025937306848123,1454878778697359
-710.9611092273657,-23.90618117082883,3.018399358064007,1454878778790395
-717.355804190151,-23.035383540721433,3.0090836399668794,1454878778889199
-724.5119780246306,-22.633951049789598,2.9999049942404,1454878778997385
-730.2758515180172,-21.39742736674559,2.9908109304658472,1454878779097005
-736.9592132938507,-20.7962999716748,2.976912269359747,1454878779197146
-743.1484207440967,-19.544121499661724,2.9687383601502844,1454878779297803
-749.4429013318984,-18.526588983263085,2.9561429250963203,1454878779397797
-755.6426820812471,-17.363621051562024,2.947492562311627,1454878779496818
-761.6114667734487,-16.121539471647186,2.9359900514164687,1454878779596967
-768.0587074277234,-14.77283025317041,2.9292779800772646,1454878779697326
-774.07193586407,-13.498585343790861,2.9179581268075574,1454878779797726
-780.1353687504942,-11.777704518747232,2.90861483103473,1454878779896244
-786.2702376415778,-10.529381605998209,2.899078001718967,1454878779996892
-793.0994232726043,-8.931121174846789,2.891325703741716,1454878780097155
-798.9970837363635,-7.101103717247158,2.8818393179829975,1454878780196789
-804.7060951192973,-6.003637600035059,2.8693431109465717,1454878780296298
-811.0456412226166,-3.554695968608443,2.8615919953574207,1454878780396813
-816.9493985842124,-2.48733416396257,2.8457646859467562,1454878780496666
-823.4408589800044,-0.18433237907814878,2.836251335451892,1454878780597134
-829.1158741414969,1.6200989891486777,2.8269537097110065,1454878780696095
-835.0733200683381,3.569842742001992,2.816549602933406,1454878780796569
-841.2125400791105,5.2891135814450765,2.8056591587148536,1454878780897130
-846.6444244824111,7.570585518604563,2.7922988234247406,1454878780997103
-852.6050684978715,9.597996131245338,2.7869539579417317,1454878781095587
-858.2197234831815,11.650432973846458,2.7747087318440378,1454878781196915
-864.5492571247439,13.76528125701435,2.7641184859784405,1454878781296216
-869.7951280376257,15.944245191763986,2.7540599364373533,1454878781396258
-876.032464944733,18.508218303855312,2.746136443717942,1454878781495730
-881.9549322493956,20.653369141564998,2.7346691189196792,1454878781596712
-887.3818262307394,22.97885308670034,2.7244347289717368,1454878781696766
-893.2588074819904,25.526593516978025,2.715988258136151,1454878781795884
-899.0992783026552,28.012215499293266,2.70499113150124,1454878781895733
-904.9598684908574,30.577182759300435,2.698634539364563,1454878781995964
-910.4637198988438,33.2620405897277,2.689617444900614,1454878782096147
-915.9837919253206,36.01088381223082,2.6802527374080927,1454878782195497
-922.7218917127296,38.574357414381105,2.6656667381224723,1454878782302959
-927.3922475095495,41.28137970566619,2.658469258318507,1454878782395779
-933.9988983702684,44.17905832546151,2.645741589593358,1454878782503905
-939.7606303217614,47.69527212154914,2.637148477781136,1454878782604166
-944.4979843676958,49.70469721114975,2.626487061530338,1454878782695560
-951.0061506663322,53.553622825563714,2.6170501949582383,1454878782803932
-955.7670096173404,56.89281646628793,2.609088263647419,1454878782904390
-961.5845450089122,59.87010975676248,2.5993347486742437,1454878783003906
-967.2391589959931,63.14395121855461,2.588589933495745,1454878783104111
-972.5022872346658,66.2864200486542,2.57627397202629,1454878783204049
-977.7126521527168,70.17543403415242,2.570536981350682,1454878783303387
-983.0308247044952,72.96824772365483,2.5574049357214927,1454878783403905
-988.9330290862947,76.82345539247736,2.5477860950465607,1454878783503551
-993.8193565330599,80.13194457092887,2.536309306036889,1454878783603437
-999.3007814576246,83.70422592696225,2.5262148036147978,1454878783703814
-1004.4151188324904,86.94462517298567,2.5150794014867652,1454878783803649
-1009.5062839058146,90.61487737117756,2.50491548350055,1454878783903539
-1014.7363138443253,94.58182768894557,2.4977507841103486,1454878784003545
-1019.9271774752781,97.87360142472343,2.4838425448967882,1454878784103014
-1025.155871649391,102.12346174424816,2.476079507771042,1454878784203345
-1029.8886905531624,105.55905633788686,2.464028082036785,1454878784303336
-1034.9554351875488,109.57453412292026,2.455376014489152,1454878784403150
-1039.543248579317,113.50898049082154,2.4460611020925085,1454878784502832
-1044.0187276105905,118.0631065018722,2.437114845186138,1454878784603091
-1049.2645419907087,122.03479332137276,2.4258567242411755,1454878784703861
-1054.0615995552257,125.8547867579434,2.417276449925014,1454878784802854
-1059.1591610954295,130.374153075505,2.4060276208894766,1454878784902954
-1063.4643640842141,134.54539136621227,2.39884583675155,1454878785003054
-1068.5473600635405,138.02678738221854,2.384670458739332,1454878785103794
-1073.251182563345,142.34228673000285,2.377692942828692,1454878785203064
-1077.8528687219773,146.46279465210824,2.366219093905527,1454878785302549
-1081.9250683941846,150.63481612497256,2.357569490950142,1454878785402913
-1086.4389310114523,155.14158076881955,2.34814195816376,1454878785502923
-1091.1914446362357,159.33451061673375,2.3342298946579123,1454878785602710
-1095.8324453577975,164.0019676709027,2.325757757411375,1454878785702279
-1099.8373079349371,168.79379785597774,2.3165771066450325,1454878785802540
-1104.8997190374732,173.21832484130064,2.305891438138602,1454878785902697
-1108.7998864718863,178.1449863336163,2.298258330643637,1454878786002512
-1112.8929632563857,183.2928269131481,2.291978756486004,1454878786103412
-1117.874865261296,187.655498608088,2.278224355965219,1454878786210362
-1121.825883263732,192.22206808406438,2.268918966765149,1454878786310374
-1125.7441047413793,197.54265613698664,2.2601837400159224,1454878786410475
-1130.246037784168,202.18625231081174,2.24422106982447,1454878786510326
-1134.4646822695868,207.05291939787404,2.2360471284710846,1454878786610288
-1138.1179300798124,211.36204514148113,2.225795116219751,1454878786709752
-1142.086983755975,216.44337606496288,2.2174182709610215,1454878786810148
-1145.2077246903484,221.86872959910434,2.2107850901517336,1454878786911056
-1149.5099385324602,226.06913045497384,2.1978218449900084,1454878787010347
-1153.520823930742,231.92562069095072,2.1882306009764094,1454878787109816
-1157.0229696420063,236.22601945749378,2.1757395525997927,1454878787210294
-1160.8216513080288,242.0742954937916,2.170045277742857,1454878787309974
-1164.4255374729007,246.78713467237807,2.155187788968479,1454878787409725
-1168.2282951391846,252.08536739537502,2.147539551418455,1454878787509824
-1171.6512496610694,257.2567870393317,2.1371103016310955,1454878787609798
-1175.026982921284,262.25345326840505,2.1279176491995164,1454878787710109
-1178.6291854554875,267.5103688917189,2.116224549978137,1454878787810762
-1181.7103734697473,272.6294361029875,2.10737927013592,1454878787909761
-1184.9604867494277,278.6695433207609,2.1019545685688583,1454878788009799
-1188.5329266380866,283.5647287290263,2.086353962822328,1454878788110030
-1191.8658969482824,289.02325894305443,2.077482145847955,1454878788209867
-1194.2781782174548,294.93478638182006,2.0713224091886837,1454878788309729
-1197.5231006676017,300.20762964385386,2.056951257339194,1454878788409388
-1200.6581110062425,305.25711588357655,2.048639506725015,1454878788509823
-1203.7480060670841,311.0597130727994,2.038167305346804,1454878788609306
-1206.910373667399,316.4415808340633,2.027189469917129,1454878788709229
-1209.7657666507473,322.6744667512555,2.0216260941636808,1454878788809505
-1212.6009333231625,327.8424491938553,2.0095062284227594,1454878788909659
-1215.3183787826363,333.96925325876884,1.9976754953814788,1454878789009358
-1217.6592803539763,339.5210898470341,1.9884535959720673,1454878789108933
-1220.4805326420062,345.0779173626812,1.9808631325139068,1454878789209519
-1223.3137511917848,351.16439456590956,1.9698794740392078,1454878789309418
-1225.8713648782123,356.31374866217374,1.9591249902037648,1454878789409252
-1228.3660123753173,362.4754089142364,1.9513169638971668,1454878789508332
-1231.1643846323243,367.56922631542153,1.9380517089587408,1454878789609065
-1233.4410535246845,373.4363667236496,1.9277264432154106,1454878789710085
-1235.4346032014757,379.6868376896301,1.9177129433767863,1454878789808818
-1238.024936885115,385.95172393690996,1.9067479694168015,1454878789908728
-1240.1184702284577,391.9001197178538,1.9002244348229895,1454878790008794
-1242.0674731294819,397.1570592448748,1.8896018652510078,1454878790108710
-1244.5373196149983,403.713048562985,1.8821831083201843,1454878790217318
-1246.3921785551056,409.836692274843,1.8694444791028366,1454878790317733
-1248.4481283141597,415.75140390728967,1.8622146736197482,1454878790416805
-1250.5746772148698,421.92789907193065,1.8523689025197183,1454878790516663
-1252.6542980085121,427.8909474589452,1.8379192001603721,1454878790617143
-1254.360171941441,433.97411090580425,1.8298649485685288,1454878790717588
-1256.2308771519774,439.9772337253988,1.8211821552205951,1454878790817066
-1257.751100718456,445.8529110301036,1.8111656929390125,1454878790917236
-1259.2257685341906,451.9438326280984,1.8044800503378833,1454878791016940
-1260.8595449964412,458.0082507082585,1.7929182198210267,1454878791116862
-1262.1569602986433,464.0773859961084,1.7840179074170226,1454878791216843
-1263.1701133943307,470.14407235895135,1.7741764154886701,1454878791316403
-1264.6692782685502,476.16423324552017,1.7637810773543448,1454878791416755
-1265.9590712333807,482.7467549918217,1.7527776802926869,1454878791518126
-1267.3394110448683,488.8349981039212,1.7430869070115138,1454878791616834
-1267.9801355512805,494.8616673924645,1.735524439174519,1454878791709225
-1269.28380741113,501.2075509684786,1.7216420215566355,1454878791816611
-1270.4240174184997,507.420275326772,1.716006780226282,1454878791916653
-1271.2490879223992,513.6552380205118,1.7058525565806582,1454878792016562
-1272.7923185316458,519.8083606208301,1.696163890941828,1454878792115863
-1273.1705709913294,526.3655848930329,1.6885932163545343,1454878792215948
-1274.2632040235333,531.7849179746358,1.6778497639441388,1454878792316369
-1274.9746557273807,538.365051619201,1.6695262644911624,1454878792416819
-1275.5240669852178,543.8087985515402,1.6590742766326354,1454878792515977
-1275.9037932082344,550.5913429290897,1.6503808407928457,1454878792616248
-1276.5705752648075,556.8348773435933,1.6387380224575654,1454878792716333
-1277.0287545895542,563.0721642037022,1.6285387521675787,1454878792816255
-1277.1794288058582,569.4793520587136,1.619605623465764,1454878792915505
-1278.122962168384,575.6974083482656,1.6054817250996878,1454878793016989
-1278.0040772826733,582.0697394144709,1.598775778482093,1454878793115791
-1278.4639260430322,587.3921976063268,1.5936766406901952,1454878793216013
-1278.3947640627568,594.4788852657243,1.5791348204654518,1454878793315811
-1278.7053400056075,600.4322545485476,1.570412161513447,1454878793416816
-1278.3910922987404,606.9644527332198,1.563193894632629,1454878793516315
-1278.6705771242493,613.2896619014576,1.5507321185958465,1454878793615789
-1278.6700748582248,619.182764025672,1.5414352891647407,1454878793720482
-1278.4184003666126,625.6035020923056,1.5330768485550308,1454878793815150
-1278.216479464185,632.8176313012268,1.5211486045239797,1454878793923690
-1278.4465716225598,638.9534458836293,1.508022152577698,1454878794023616
-1277.6912966575878,645.1847866696023,1.5042723596996934,1454878794123234
-1277.2017155458443,651.4205890874516,1.494686279843942,1454878794223868
-1276.854417778287,658.1536673483848,1.4852185778877178,1454878794322926
-1276.0391862427196,664.3130913008409,1.4753704073468425,1454878794424192
-1275.6287954694023,671.0178706299992,1.4620816524944553,1454878794523642
-1275.1306673199492,677.0037823070227,1.4528633422371835,1454878794623661
-1274.5925971180839,682.9027689746873,1.442690414301745,1454878794723802
-1273.5309587431448,689.5279058700684,1.43567629318702,1454878794824297
-1273.151387716084,695.5781737496729,1.422529980218504,1454878794923332
-1271.8020131871467,701.9890968520992,1.4155150881259564,1454878795022718
-1270.9106329642407,708.4467995056594,1.4048879137632677,1454878795123149
-1270.0117687251284,714.4107111938251,1.3941675106688638,1454878795222954
-1268.9279505894897,720.5885668254697,1.3879117501525797,1454878795323149
-1268.1526506319854,726.5827446117662,1.3758691212610201,1454878795423760
-1266.5268898984746,733.1373079477871,1.367075549946614,1454878795522734
-1265.4883025122194,738.780435819969,1.3553281847904488,1454878795622790
-1264.1914400895243,745.1072182527355,1.3469257189211858,1454878795715038
-1262.9626535398077,751.3017699814189,1.3352372161864863,1454878795822389
-1261.372850658805,757.512114338976,1.3252849677037566,1454878795922258
-1259.9295386029662,763.7037357478118,1.3175725490512509,1454878796022622
-1258.8168828598107,769.6040118219971,1.3041393499985872,1454878796122387
-1256.8407542165244,775.9804773747783,1.293445512418126,1454878796222274
-1255.5137736743784,781.6682500286545,1.280603350630694,1454878796322011
-1253.46323539858,788.1222528128919,1.2758371600236675,1454878796422021
-1251.766294049712,793.6334746649851,1.266158743311098,1454878796521957
-1249.8867808612497,799.8115028065538,1.2551305833252038,1454878796622076
-1247.7278306879232,806.4495513919115,1.2452962270400265,1454878796722697
-1245.4922087600412,812.8488334596165,1.2356434168808261,1454878796830573
-1244.0070820530736,818.0290599443392,1.2258136335037872,1454878796922000
-1241.8111652068624,824.5686844707805,1.213586897582879,1454878797030579
-1239.6434734969037,830.2125148355302,1.2049873929954649,1454878797130952
-1237.5923048014818,835.7284787273036,1.1937955296889111,1454878797231013
-1235.138646642432,841.9938930097107,1.1822708481365074,1454878797338659
-1232.8900562832623,848.0548827703122,1.1722975387335717,1454878797438275
-1230.5443458349487,853.7411870747892,1.1635833920178833,1454878797537864
-1228.181761914906,859.6136949791024,1.151124087998792,1454878797638606
-1225.366502872131,865.5895376647294,1.1423787827700707,1454878797738831
-1222.946765817552,871.3235359299528,1.1339799715570194,1454878797846507
-1220.2635030518609,877.2423249898737,1.1236473071102524,1454878797939031
-1217.6260754374823,883.0129221086253,1.1141752717778808,1454878798046305
-1214.7727680668058,888.7607572031881,1.1051981601483105,1454878798147357
-1212.0246884799742,894.3031567330465,1.0944832771992514,1454878798245543
-1209.590335387298,900.0651698171552,1.081414637916861,1454878798345617
-1206.2413245868731,905.9090227827802,1.0713373018499066,1454878798446404
-1203.5019723662915,911.3273288450824,1.0614804766574488,1454878798547225
-1200.4366755580756,917.586636169924,1.0494802979021964,1454878798646134
-1197.4305106426425,922.7238236060937,1.0415310618166913,1454878798747810
-1194.454054218712,928.0089032183988,1.0301220649599103,1454878798846211
-1191.2586076170248,933.9534331607986,1.0161919355625373,1454878798946555
-1188.2823843912092,938.6063896108567,1.0111844522272462,1454878799046069
-1184.6817731181438,944.0439974919428,0.99767160012353,1454878799146596
-1181.0129828939102,949.5397916476616,0.9918612730112378,1454878799245166
-1177.665323790535,955.0169273569057,0.9843277757270601,1454878799346308
-1174.1931154112049,960.141556862022,0.9742650986994383,1454878799446248
-1170.624364002044,965.4736922036344,0.9632289940464456,1454878799546747
-1167.495471725267,970.5220912573606,0.9525384645049711,1454878799645522
-1163.4447800656585,975.876814801279,0.9432050793975965,1454878799745806
-1159.7302059526535,981.6421945093679,0.9281976112228429,1454878799845522
-1156.0106853458453,986.5725556502634,0.9191953378276144,1454878799945601
-1152.4602655245308,991.1918310178451,0.9129032189221284,1454878800045094
-1148.393592660396,996.8428993964163,0.8999620358051799,1454878800145385
-1145.101395067591,1001.5214608175127,0.8888432964348004,1454878800244792
-1141.2389009245683,1006.3723745057144,0.8808449245829714,1454878800345766
-1137.2126965629798,1011.4397051448572,0.8690203466361378,1454878800445095
-1133.4638179241501,1016.0680356836516,0.8629323385059686,1454878800545290
-1129.1779278152171,1020.7676455023802,0.8563333907207302,1454878800646222
-1125.08839822414,1026.0748272689923,0.838202584892791,1454878800746350
-1120.8367199384634,1030.8624221330933,0.8298937576823451,1454878800845152
-1117.2346363525849,1034.936300498227,0.818920990928236,1454878800945123
-1112.1745208954744,1040.3178485165645,0.8131833074766781,1454878801045018
-1108.134998223323,1044.7733389744158,0.7997125993071433,1454878801145227
-1103.9331694830344,1049.4589109098138,0.7900611360390372,1454878801252827
-1099.5353515426875,1054.1281796980288,0.7787089300855897,1454878801352965
-1095.6132627814293,1058.6717672993548,0.7675212303499463,1454878801453074
-1090.7381291545476,1062.881874634672,0.7648658465105453,1454878801553418
-1086.3293341825383,1067.5101960423306,0.7528032646827527,1454878801653940
-1082.341816813763,1071.905760260325,0.7372297899371945,1454878801746647
-1077.307562793221,1076.4505811677627,0.7291207257583013,1454878801852517
-1072.5759664671516,1080.6996310349266,0.7208564508855417,1454878801952999
-1067.9115388247017,1085.3587350961516,0.7110780351212144,1454878802052967
-1063.355432422588,1088.9820367406194,0.705178045674456,1454878802152925
-1058.6018865811527,1093.2011093693873,0.6947981604785618,1454878802252246
-1053.8802150829274,1097.428897698757,0.6830669266504021,1454878802352984
-1049.0936531938964,1101.0112527929175,0.6739348412473081,1454878802453238
-1043.7136852103533,1105.851706116086,0.6662065839629565,1454878802552707
-1039.1372702547937,1109.5409455574923,0.6546795433633931,1454878802652585
-1034.569057073492,1112.8972852701056,0.6461454063507542,1454878802753547
-1029.377230064233,1117.0696611867188,0.634044086449138,1454878802852665
-1024.6094963634466,1121.0762947141911,0.6284364352883048,1454878802952555
-1019.2726136872112,1124.553637980866,0.6205484482106541,1454878803052414
-1014.1685523118398,1128.056912640093,0.608770531582856,1454878803153206
-1009.0086595861416,1131.924828573089,0.597938700845676,1454878803252226
-1004.004572214096,1135.2670542278302,0.5873065655276558,1454878803352937
-998.9708188739585,1138.7802444642084,0.5780026663859436,1454878803452250
-993.6769930532183,1142.5001989603247,0.5668496198076534,1454878803552716
-988.90283430134,1145.5795347918925,0.5561034778210547,1454878803652285
-982.9260752726535,1149.2769552366226,0.5518632850212339,1454878803752890
-978.0765819440835,1152.5169186385922,0.5394723423532041,1454878803852222
-971.9099274047055,1155.6834706499073,0.533407810102039,1454878803951981
-967.4689459848277,1158.8918937071453,0.5232541255478746,1454878804052488
-961.5328845173092,1163.0252301051205,0.5095630794392475,1454878804152039
-955.801442694167,1166.2161061564436,0.49831469650010807,1454878804251985
-950.345232964648,1169.1366571980634,0.4892140288403695,1454878804352454
-944.1975092981496,1172.4404087395228,0.47685819526179735,1454878804452306
-939.0794023003801,1175.2337775013675,0.4660492686173541,1454878804551245
-932.9217809484351,1178.0861140709362,0.4566298947307126,1454878804651439
-927.2706071397942,1181.0312786027355,0.44792488368444744,1454878804752234
-920.7829389326324,1184.3680201474544,0.43778979506922916,1454878804859960
-914.8546492186612,1187.0368764059203,0.42915743705268955,1454878804959884
-909.3074368903614,1189.442443118003,0.42065723836013313,1454878805060046
-903.901502752996,1191.793801564539,0.41204176651314517,1454878805159831
-898.2383433257372,1194.4547844463136,0.39880120366478533,1454878805260044
-892.025524511792,1197.0787938944948,0.39201300562704994,1454878805359881
-886.4077387402273,1199.0482900894476,0.38319214759754955,1454878805459753
-880.9895903524359,1201.561733780794,0.370771577351531,1454878805559202
-874.7727638481954,1203.792382185681,0.3642505096909042,1454878805659322
-868.8560357426297,1206.126507011235,0.3509093090720895,1454878805759989
-862.53994117796,1206.411012998358,0.5080278747913313,1454878805860376
-860.8253629043568,1207.383634850546,0.7850699774298917,1454878805959462
-858.1917958767439,1209.6907704911894,1.088007225314567,1454878806059050
-856.5129794551873,1213.6948794439502,1.4036895358374855,1454878806160069
-856.1413638878491,1216.529731690022,1.714099951092546,1454878806259510
-856.7253863031483,1220.008366251324,2.020448385960933,1454878806359494
-857.7864234123693,1222.3736697356924,2.3260590339704064,1454878806458996
-858.7055590536842,1225.849225423395,2.607546541790821,1454878806559692
-860.8897721597459,1229.4059774725567,2.8953078026232384,1454878806659785
-864.084510065899,1231.2620051652514,3.17822532344941,1454878806763150
-867.4871888365528,1230.8366071222458,3.272426807259671,1454878806859400
-871.1378834275697,1231.0422690579135,3.2995484072253682,1454878806959026
-874.9445435313967,1230.1052684592366,3.314342528697246,1454878807059111
-879.5445359843573,1229.519726968078,3.3289183555295923,1454878807159389
-884.1871210786907,1228.5935811854533,3.330737180932101,1454878807258712
-889.9714244596663,1227.6282762207106,3.327011627324617,1454878807358749
-896.1772971649457,1226.2100754538312,3.3259549870170906,1454878807458851
-901.4514384449028,1225.271388531124,3.3201681479728746,1454878807558669
-907.813072396731,1223.7877890651137,3.310030490140583,1454878807658214
-913.4098977203008,1222.6992555218421,3.3058669534585996,1454878807759622
-919.6245364600147,1221.6111589797488,3.295834577701647,1454878807859605
-925.7585359861349,1220.200130157859,3.2869183730064626,1454878807958530
-931.8857224043295,1219.377638060186,3.281987353876071,1454878808058524
-937.7184231352794,1218.2809905424833,3.2697597073891598,1454878808158393
-944.0396926837402,1217.2221443433189,3.260542205389565,1454878808258435
-949.5992177436203,1216.8727092442632,3.251432229519692,1454878808358660
-956.582752378117,1216.155989238827,3.244447402520777,1454878808457901
-962.5051047103731,1215.4509350715998,3.2300522305605273,1454878808566157
-968.7226771065241,1215.0360283161924,3.2214850081561814,1454878808666298
-973.9200993688931,1215.0141925941336,3.212083742354685,1454878808759097
-980.8769435748278,1214.0330238297774,3.205634276635007,1454878808866131
-986.9509245921253,1213.873968992973,3.1960261570657376,1454878808966136
-992.828000107145,1213.5156894220622,3.18156264630268,1454878809066093
-999.393562363445,1213.0388960999765,3.170848533154311,1454878809165478
-1005.0721805429148,1212.6543819852866,3.158619665808824,1454878809265787
-1012.2068442182177,1212.3551163054601,3.1532854615790136,1454878809366284
-1018.2868482667518,1212.3685851558078,3.140725989014519,1454878809466292
-1024.510659220756,1212.2759577411775,3.1312661718151715,1454878809566166
-1030.9190132798008,1212.4378451029368,3.1283731951849036,1454878809666226
-1036.4063088489936,1212.454271339289,3.114908247908943,1454878809766815
-1043.078867684821,1212.536162943001,3.106817687651095,1454878809866564
-1049.2330108061979,1212.2409972063335,3.0956311946251356,1454878809965874
-1055.5125344430396,1212.631611221594,3.086261144700379,1454878810065457
-1061.4611872207843,1212.9790265896254,3.07565302990188,1454878810166526
-1067.4368421982965,1213.3433722582902,3.0680280076046795,1454878810265466
-1074.0534699538277,1213.5562086417492,3.0556122461074673,1454878810365621
-1080.0200079059045,1213.7694506325306,3.0457929509149633,1454878810465762
-1085.7258775831483,1214.6655544312432,3.036761721186739,1454878810565774
-1092.0721337201592,1215.1631821011879,3.0291694432274126,1454878810666586
-1097.949469567966,1215.700832089409,3.017995770212804,1454878810766121
-1104.8875686907197,1216.5253574613964,3.0058309214279197,1454878810873424
-1111.4357008847837,1217.4410641997677,2.9939409213980657,1454878810973647
-1117.2994248236932,1218.6296674526075,2.9873862061762138,1454878811073417
-1123.1479143974987,1219.414815203915,2.975898910651937,1454878811173744
-1129.4019389381572,1220.1175686193976,2.9645397185147755,1454878811273901
-1135.217206796009,1221.5390060902255,2.9556549120022453,1454878811374467
-1141.6554532098885,1221.338488200439,2.94566804142618,1454878811473609
-1148.0084369556855,1223.137840003224,2.9418099352885876,1454878811573562
-1153.7426005257198,1224.3736806223617,2.929464598827331,1454878811673037
-1159.2898962756171,1225.9000196834772,2.922284703001792,1454878811764933
-1166.06999901315,1227.4686956788187,2.9127976027430846,1454878811873533
-1171.8809208207624,1228.8299453357106,2.899389691048415,1454878811973179
-1178.3478675611757,1230.4962445872843,2.8922850640589233,1454878812072685
-1184.1137289989308,1231.3088240108216,2.877747029096024,1454878812172958
-1190.108832253175,1232.9349579334735,2.872301870627106,1454878812273122
-1196.4430291212093,1234.2980655676292,2.86086747778632,1454878812381342
-1202.5139910609107,1236.360485155835,2.853580032306811,1454878812481568
-1208.2609203706395,1238.1677985318477,2.8438772948381406,1454878812581459
-1213.699605328148,1239.9040683454211,2.8312543993069514,1454878812680523
-1219.5663416136545,1241.9853809473102,2.8238831401219624,1454878812773593
-1225.720474834857,1243.8737779167338,2.8110068913716213,1454878812882107
-1231.5165065761348,1245.9191553600685,2.8046101118102733,1454878812980577
-1237.2459189095964,1247.6506264484024,2.7930158849056097,1454878813080999
-1243.6699124477875,1250.0629373834074,2.7813473453697637,1454878813181011
-1249.6390923064678,1251.9942106237668,2.7701736250920685,1454878813281191
-1255.0924917501868,1254.3157679019682,2.762309325537343,1454878813380073
-1260.9668269673443,1256.2884527363979,2.7525681769342007,1454878813480233
-1267.0015166818462,1259.0644506476833,2.7479789377703288,1454878813580920
-1272.7739097995088,1260.6290488797238,2.7378103128165647,1454878813681761
-1278.5059244962606,1263.3534581967517,2.7256210561024665,1454878813781779
-1284.86967667484,1266.449516429479,2.716370945358153,1454878813896741
-1290.4508487500398,1268.6054132565293,2.711892956300539,1454878813988926
-1296.4278451670316,1271.36722903974,2.70158613561149,1454878814097134
-1301.9204444139068,1273.9553459327296,2.68989012541788,1454878814196847
-1307.2142225865327,1276.0304397029358,2.6857616838926908,1454878814296474
-1313.1866654709927,1278.7003659705174,2.6675509843767995,1454878814396490
-1318.888418744206,1281.9797832194063,2.6614318586184935,1454878814496909
-1324.0504681365078,1284.7144725432233,2.6439485531746723,1454878814596867
-1330.7522750258188,1287.5652926743328,2.634598657570965,1454878814696490
-1335.5593931136668,1289.7455271412516,2.6295958761907663,1454878814797474
-1340.7362011210505,1292.8184331062914,2.6192736859546515,1454878814896519
-1346.2638077784677,1296.2677061886961,2.6103829080843015,1454878814997228
-1351.007052792837,1298.6049239824824,2.5929543182803343,1454878815096529
-1357.8544174886083,1302.7065315461953,2.592636048086304,1454878815196797
-1363.6401052115727,1306.873265637001,2.5940590504043883,1454878815296271
-1369.4007829495374,1310.3422602499763,2.5845685259413953,1454878815396677
-1374.9946801828598,1313.927418248935,2.5751505201270364,1454878815496792
-1379.9010265818956,1317.2089715323261,2.5650453110222,1454878815596246
-1387.4451753851517,1321.3155626735308,2.5433978231312233,1454878815696065
-1392.1838330581613,1324.5756220542676,2.5375928560398706,1454878815799050
-1392.807273419347,1326.175473909469,2.561712789694877,1454878815896219
-1403.2025614055608,1331.3840867178972,2.5223225651597674,1454878815995905
-1407.9896879425185,1335.1016978324783,2.5139324238429275,1454878816095995
-1412.711611295057,1338.9130306260888,2.4992878347673084,1454878816195790
-1413.5575029154309,1338.9074329616421,2.4833113389892394,1454878816295851
-1418.4237598257862,1343.395385004057,2.4720263504073556,1454878816395800
-1426.6724734885352,1347.8276706494612,2.4375314354349618,1454878816496432
-1430.884569076482,1351.4975531913647,2.422727368901022,1454878816596156
-1437.6598210390403,1363.3311560924087,2.546448843650156,1454878816696216
-1442.2661994126674,1367.251473808379,2.533829347339482,1454878816800229
-1447.7655397832316,1370.9995749090501,2.5300292832270213,1454878816895794
-1453.0352946319156,1374.9347210054502,2.5206899374035614,1454878816995688
-1457.3398301550428,1379.4569913271741,2.5071678557702874,1454878817095052
-1461.419390451204,1384.671209225823,2.494442093868639,1454878817203660
-1469.5464069281734,1380.975868194342,2.3857186849367578,1454878817303623
-1470.6589800106976,1393.1381969632528,2.4803204298598707,1454878817403544
-1474.4599375308621,1397.5022834987594,2.462540977311975,1454878817503587
-1479.7543838112617,1401.6587319402051,2.459729231581475,1454878817603435
-1488.4564767786371,1398.0936071515873,2.353440817550333,1454878817703380
-1489.8178087114745,1409.2916749311719,2.4408181971921894,1454878817795495
-1493.9517899693315,1415.431618341172,2.4250307542183354,1454878817903390
-1498.8527479249897,1419.5018092974256,2.4243748512789103,1454878818003631
-1503.3316965804624,1424.294583927412,2.4105395317168843,1454878818103116
-1500.5368105916093,1419.4018640711254,2.295415376603331,1454878818203670
-1507.5908620109597,1424.0482582519758,2.2753107910422075,1454878818303504
-1511.6056426145228,1427.1592927442002,2.2676191004375936,1454878818403202
-1515.4915348320283,1432.142809636357,2.257902185506269,1454878818503155
-1519.2847398874364,1437.1415981442658,2.2485512474110076,1454878818604223
-1523.23495997804,1441.9165793427462,2.241211005619934,1454878818703012
-1527.2498403817392,1446.1359407823636,2.2320947205618795,1454878818803716
-1548.4123042193833,1448.4326272339713,2.2233475942605314,1454878818902630
-1502.3700796149058,1426.4158008907655,5.381256183416652,1454878819003004
-1505.642416940221,1431.3277363191703,5.382951066149972,1454878819103377
-1540.438658668448,1465.9643899360574,2.202841471525757,1454878819194552
-1565.4508942453958,1469.095957043065,2.1737653671610304,1454878819310925
-1568.9816504423882,1473.5096032341928,2.1702093291106874,1454878819410738
-1552.932604708591,1482.5653772751898,2.1680624058272424,1454878819510737
-1556.4515070973025,1487.2515998783783,2.1661847651864785,1454878819611139
-1562.206999782351,1493.0912538646658,2.1295312964928232,1454878819710588
-1565.2522815075456,1498.971704860519,2.1198495707905907,1454878819811591
-1567.8407662033196,1502.2060634361678,2.121789932927052,1454878819910536
-1577.620659856066,1510.344234986366,2.127175716125962,1454878820010498
-1581.9149605365176,1515.0800341545005,2.124818185754507,1454878820110793
-1599.042818680292,1511.709451151737,2.1010123985131406,1454878820210249
-1582.4729938817272,1523.718675196883,2.0911073603914714,1454878820310473
-1585.0776464472372,1528.2472532418244,2.0770898205834762,1454878820410889
-1587.5673586647608,1533.8279621388917,2.0692127789799932,1454878820510473
-1590.2851265274574,1538.561368635755,2.057041270386732,1454878820610666
-1593.4624676035617,1544.469541544134,2.0468791439675087,1454878820710261
-1595.9929841016592,1549.7798380564404,2.037270977475591,1454878820810429
-1599.731164980762,1555.585025862178,2.0253128588589244,1454878820918977
-1602.0687314145853,1561.857320253438,2.0123157362536346,1454878821019357
-1604.59110836647,1567.3755436710221,2.002457602101646,1454878821119084
-1607.7064364075002,1573.2967867663174,1.9890766060363727,1454878821218364
-1610.0751676634327,1578.5057030938347,1.9833986004699424,1454878821318914
-1612.591920961562,1583.9333768904182,1.977633252696944,1454878821418186
-1615.6173502835907,1589.674136594073,1.9691352319831639,1454878821518897
-1618.1855672251763,1594.6693245879258,1.9622702866169262,1454878821618752
-1620.897552732512,1600.378872760034,1.9520189709323996,1454878821717767
-1623.1166118456113,1605.8141771062146,1.9411425309917392,1454878821817974
-1625.6151863832138,1611.5433078861734,1.9303095787892852,1454878821918502
-1628.3116027171156,1617.5597209447606,1.9187350086928059,1454878822018310
-1629.791215807557,1623.6874155376356,1.9106848137159236,1454878822118323
-1632.0319765773877,1629.3670426758372,1.904603112230115,1454878822217973
-1642.2607105212105,1637.6419918160584,1.8999314011482142,1454878822317942
-1635.8710867069622,1640.7644408768713,1.88454930530907,1454878822417952
-1638.8165197399428,1646.6479344699078,1.8712832499209027,1454878822518264
-1640.4125024043137,1653.80592276698,1.8622196089013932,1454878822617175
-1642.1577937488264,1659.6033716512575,1.8535905201578209,1454878822717596
-1644.1931750160009,1664.9669094138442,1.8409549204990787,1454878822817718
-1645.9542145592582,1671.08857250098,1.8341248566871904,1454878822917635
-1647.6328004739235,1676.2893165615098,1.8246963643533018,1454878823018339
-1649.6631368040464,1682.3280161461864,1.8155202940763562,1454878823117711
-1651.095214713994,1688.4414913739938,1.8079451061826781,1454878823217240
-1652.6162322826958,1693.8420995633462,1.7934836091060677,1454878823317897
-1654.3366551597926,1700.3811732727954,1.783822290930389,1454878823417201
-1655.5784098795207,1706.71646723398,1.7748350238709434,1454878823517666
-1657.0465691468687,1713.126922942491,1.7693600709990842,1454878823617250
-1658.8854966483468,1718.5463298499124,1.7583213226148713,1454878823717891
-1660.0470653630903,1725.0673864402627,1.74695914912487,1454878823825429
-1661.2894461010007,1730.8718494989007,1.737521623957049,1454878823925473
-1662.533178724704,1736.570484568877,1.721536346342723,1454878824016770
-1663.6310677945505,1743.4394326011195,1.7214230839652753,1454878824117110
-1664.2277115508534,1750.035212671911,1.709100258531299,1454878824225428
-1665.6650356845605,1756.242583084437,1.6995706839928237,1454878824325625
-1667.609247772143,1763.3375591857882,1.6874362488002161,1454878824425131
-1668.4811957931759,1768.483737717911,1.6763257827600073,1454878824525169
-1668.4457021964106,1775.8868800946898,1.6691766743449394,1454878824624881
-1669.3848943045425,1781.755767257118,1.658082128150384,1454878824724951
-1665.8965007638199,1796.2929827428154,1.748047466140441,1454878824825321
-1667.270376992085,1800.989201511517,1.748133221920592,1454878824924836
-1671.3013745689052,1798.9198062653065,1.6356103301784246,1454878825025044
-1671.814877147484,1804.3446553612796,1.626615714467,1454878825125056
-1674.9095758592848,1811.7440382816021,1.6157141476419832,1454878825225103
-1672.5193551972754,1818.2765512639369,1.600516219481255,1454878825323447
-1672.675722777831,1824.0818985365365,1.5882060919551764,1454878825424624
-1673.7535561860468,1830.2007049061765,1.5816841628088714,1454878825524841
-1672.5606766201238,1837.187461705896,1.5697250629920438,1454878825624762
-1673.3442419720263,1842.911405088428,1.5620827046044177,1454878825724765
-1673.312616015745,1850.066227311414,1.5580738712039182,1454878825825161
-1673.384424512074,1856.0181669562467,1.54431277055504,1454878825924172
-1673.7642835000568,1861.9992288614876,1.536253598837248,1454878826024926
-1673.3981292264903,1868.4365821214972,1.5267915331904143,1454878826124274
-1673.3045750682372,1874.0543267200296,1.5156805494791439,1454878826224398
-1672.7976333328554,1880.5160323339626,1.5096242584467399,1454878826324452
-1673.0747054561382,1885.9796107099717,1.5016137545222044,1454878826423904
-1672.159383045455,1892.6257737340463,1